model,mae,rmse,r2
XGBoost,0.5616318370231247,0.7722056734851198,0.4291942090266818
LightGBM,0.5695262943128039,0.7802718902219985,0.41720701281891415
RandomForest,0.5811507459884157,0.8076982019737919,0.37551699111494186
KNN,0.6739755620319,0.9247188623620521,0.18145638128073993
LinearRegression,0.7863945400412989,0.990111566402004,0.061594245847876095
MLP,0.7945388826234661,1.0024396699170055,0.03808015649059826
